点时间,航向,航程,速度,高度,经度,纬度
9:15:27,80.785,0,85.4424,410.534,123.0944143,39.43693225
9:15:33,80.785,116.404,85.4424,410.534,123.0961169,39.4371238
9:15:39,86.674,205.953,85.4424,410.534,123.096959,39.43662647
9:15:45,96.91,330.918,91.1988,457.682,123.0981129,39.43588764
9:15:51,110.275,394.596,41.292,552.552,123.0982891,39.43484972
9:15:57,127.352,453.537,44.0568,332.885,123.0986995,39.43434065
9:16:03,137.606,601.565,41.8176,583.575,123.1003421,39.43386885
9:16:09,139.866,681.443,44.3664,333.17,123.1012269,39.43366935
9:16:15,138.215,767.342,103.0104,712.247,123.1016578,39.43253983
9:16:21,137.621,1193.147,60.984,269.18,123.1040346,39.4276029
9:16:27,154.703,1442.573,60.984,269.18,123.1025019,39.43032703
9:16:39,99.714,1639.108,60.984,261.135,123.104804,39.43002709
9:16:45,132.847,1735.323,77.2236,304.153,123.1058481,39.42974171
9:16:51,132.426,1832.631,93.4632,311.656,123.1060306,39.42803357
9:16:57,140.859,1935.624,82.638,521.873,123.1075,39.42826055
9:17:03,151.653,2000.559,119.0736,-21.507,123.1067882,39.42573535
9:17:09,133.676,2093.979,123.5628,364.886,123.1085801,39.42668027
9:17:15,140.377,2197.004,110.1384,335.674,123.1098449,39.42652751
9:17:21,125.523,2292.639,134.3556,394.639,123.110603,39.42572134
9:17:27,133.204,2381.729,109.7496,311.859,123.1113429,39.42507125
9:17:33,127.321,2477.553,114.3432,272.75,123.112123,39.4243497
9:17:39,140.65,2576.452,92.7216,233.372,123.1130881,39.42386901
9:17:45,132.496,2675.628,70.7904,229.004,123.1139486,39.42320131
9:17:51,133.625,2809.187,75.69,504.42,123.1143354,39.42655727
9:17:57,120.715,3229.82,66.7404,516.631,123.1081264,39.4252071
9:18:03,136.947,3994.498,66.7404,516.631,123.1158155,39.42168897
9:18:09,112.887,4143.455,71.6868,368.2,123.1171497,39.42078599
9:18:09,257.699,4148.268,71.6868,357.8,123.1170809,39.42077354
9:18:15,126.715,4263.876,71.6868,368,123.1182059,39.42017674
9:18:21,149.17,4327.856,71.6868,383.7,123.1184197,39.41914483
9:18:27,101.307,4447.911,71.6868,393.1,123.1198225,39.41892712
9:18:33,143.975,4519.243,71.6868,406.6,123.1203857,39.41833148
9:18:39,144.78,4600.384,71.6868,431.4,123.1210185,39.41763768
9:18:45,148.572,4731.452,71.6868,414,123.1219877,39.41641707
9:18:51,119.432,4807.151,86.5296,347.811,123.1228192,39.41621354
9:18:57,119.461,4906.638,90.8892,355.823,123.123815,39.41575769
9:19:03,139.093,4989.157,123.1776,425.157,123.1244666,39.41504265
9:19:09,144.281,5077.565,90.8892,360.21,123.1253021,39.41454461
9:19:15,144.991,5177.718,102.1968,379.476,123.1261038,39.41370786
9:19:21,142.523,5267.186,37.2384,412.718,123.126927,39.41314076
9:19:27,144.254,5363.679,28.764,320.939,123.127759,39.41245526
9:19:33,147.907,5456.944,91.1664,320.582,123.1284891,39.41164781
9:19:39,135.562,5550.602,79.0164,232.686,123.1294593,39.41128726
9:19:45,132.184,5643.166,59.7384,271.389,123.1304003,39.41087845
9:19:51,129.809,5733.012,65.5128,297.302,123.1311117,39.41009605
9:19:57,129.672,5828.301,57.24,345.584,123.1320869,39.40966472
9:20:03,129.726,5917.604,56.6244,340.412,123.1328598,39.40899771
9:20:15,129.408,6098.295,66.3264,306.55,123.1343725,39.40756487
9:20:21,133.642,6200.56,59.3964,343.341,123.1353078,39.40689141
9:20:27,136.512,6296.57,60.084,331.891,123.136192,39.40627562
9:20:33,132.895,6390.136,59.0724,318.433,123.1371954,39.40595533
9:20:39,129.65,6477.047,59.3532,284.187,123.1379758,39.40536984
9:20:45,130.563,6564.676,58.6692,273.154,123.1386064,39.40446589
9:20:51,132.245,6664.276,57.3372,323.641,123.1394814,39.40372814
9:20:57,134.91,6752.327,56.826,339.671,123.1402567,39.40307203
9:21:03,136.699,6838.661,57.5712,323.446,123.1410029,39.4024041
9:21:09,139.558,6936.248,57.0744,278.695,123.1419095,39.40179002
9:21:15,137.897,7035.432,64.044,322.674,123.142913,39.40131705
9:21:21,132.43,7134.301,64.2672,326.984,123.1437859,39.40057943
9:22:27,0,8236.029,64.2672,326.984,123.1544749,39.39428245
9:22:33,163.204,8339.117,64.2672,326.984,123.155083,39.39275159
9:22:45,155.595,8519.254,105.6168,365.13,123.156957,39.39198294
9:23:03,148.82,8778.858,105.0732,315.401,123.1593396,39.39013549
9:23:09,139.191,8881.795,66.9276,324.166,123.1602182,39.38921578
9:23:15,140.578,8978.746,62.8164,294.046,123.1612191,39.38878592
9:23:21,129.607,9062.416,68.2704,261.603,123.1619278,39.38802952
9:23:27,128.842,9158.775,70.6932,402.608,123.1627902,39.38719465
9:23:33,132.976,9243.665,69.3288,319.389,123.1636103,39.38665498
9:23:39,139.09,9336.199,72.9432,342.515,123.1644705,39.38596258
9:23:45,130.051,9435.804,70.1712,333.178,123.1654763,39.38543263
9:23:51,135.005,9528.867,71.9028,323.488,123.166291,39.38459985
9:23:57,134.083,9614.808,72.9432,359.435,123.1671228,39.38402165
9:24:03,133.8,9702.098,71.136,372.483,123.1679192,39.38328944
9:24:09,133.3,9795.501,71.5752,421.322,123.1688248,39.3826272
9:24:15,136.371,9893.965,69.3036,354.87,123.1697477,39.38188668
9:24:21,135.089,9982.095,69.0516,340.752,123.1705878,39.38126463
9:24:27,135.438,10063.535,67.9356,318.954,123.1713952,39.38078437
9:24:31,132.522,10153.06,67.392,308.45,123.1722248,39.38006388
9:24:50,133.486,10422.357,59.6088,352.978,123.1748745,39.37823633
9:24:56,133.004,10502.51,58.3632,349.21,123.1755948,39.37744702
9:25:02,135.447,10594.139,55.2492,300.072,123.1764158,39.37655998
9:25:08,137.081,10682.113,77.6772,360.526,123.1773299,39.37607519
9:25:14,137.008,10768.22,75.8052,307.022,123.1781396,39.37533907
9:25:20,136.506,10858.499,69.1416,332.694,123.178999,39.37455966
9:25:26,138.817,10941.01,68.544,393.084,123.1797798,39.37376423
9:25:32,136.519,11031.013,68.472,354.338,123.1807213,39.37328027
9:25:38,133.684,11121.328,66.9384,386.481,123.1816593,39.37273678
9:25:44,132.807,11212.774,65.6532,353.493,123.1825053,39.37179277
9:25:50,135.672,11290.034,63.4644,380.311,123.1833013,39.37128961
9:25:56,133.726,11368.915,61.9452,469.363,123.1841243,39.37071944
9:26:02,130.794,11459.098,61.9452,465.288,123.1850626,39.37009092
9:26:08,136.29,11570.886,62.4708,359.344,123.1858806,39.36779291
9:26:08,136.29,11571,62.4708,359.344,123.1858819,39.36779277
9:26:20,84.31,11693.413,62.4708,359.344,123.1873409,39.36790645
9:26:26,114.107,11811.68,62.4708,359.344,123.188535,39.36687362
9:26:32,138.529,11877.696,66.2256,358.421,123.1892651,39.36670485
9:26:44,134.02,12057.737,60.5916,352.274,123.1911212,39.36529585
9:26:50,132.318,12143.451,76.0248,349.105,123.1920108,39.36460123
9:26:56,147.438,12219.087,72.6012,405.029,123.1928122,39.36398307
9:27:02,139.778,12307.179,85.86,343.157,123.1937235,39.36319147
9:27:08,142.859,12388.222,52.1064,305.604,123.1945711,39.36253474
9:27:14,144.929,12458.713,52.9272,389.762,123.1953255,39.36190187
9:27:20,147.099,12545.724,50.3568,357.373,123.1962651,39.36120211
9:27:26,134.925,12624.823,52.7364,334.145,123.1971212,39.36061118
9:27:32,137.5,12701.559,62.6472,413.168,123.1979719,39.35995857
9:27:38,134.299,12786.892,65.5128,355.417,123.1988956,39.35919062
9:27:44,136.544,12869.14,65.6676,322.736,123.1997675,39.35817501
9:27:50,136.181,12939.356,68.1804,380.178,123.2005652,39.35773858
9:27:56,136.518,13018.795,65.5812,351.995,123.2014611,39.35727066
9:28:02,132.019,13093.939,68.1804,307.864,123.2022911,39.35659607
9:28:08,132.962,13165.172,67.1436,320.542,123.2030904,39.35587517
9:28:14,132.493,13258.812,64.0224,302.462,123.2041561,39.35514404
9:28:20,131.426,13320.04,63.2304,326.451,123.2048617,39.35452752
9:28:26,131.237,13394.745,64.0764,391.991,123.2057533,39.35389749
9:28:32,137.272,13464.316,64.9512,380.729,123.2065787,39.35322506
9:28:38,135.277,13543.925,73.6956,298.241,123.2074989,39.35251552
9:28:44,136.399,13620.25,76.8456,295.5,123.2084094,39.35152986
9:28:50,137.606,13693.886,75.8664,348.246,123.2093224,39.35061012
9:28:56,138.884,13767.746,77.3388,290.155,123.2101796,39.35047222
9:29:02,133.533,13838.184,77.8284,357.853,123.2110589,39.34981145
9:29:08,131.687,13903.24,77.3388,323.836,123.2118833,39.34900998
9:29:14,131.688,13981.603,76.3632,282.408,123.2128369,39.34846418
9:29:20,129.877,14044.489,70.8228,362.196,123.2136633,39.34775507
9:29:26,129.526,14115.793,66.2472,310.503,123.2146292,39.34667075
9:29:32,135.034,14188.642,65.7936,274.938,123.2154984,39.34644599
9:29:38,136.15,14247.739,65.0952,366.51,123.2163018,39.34582225
9:29:44,128.412,14321.501,65.0952,369.802,123.2172927,39.34513623
9:29:50,131.849,14383.748,70.686,384.095,123.2182166,39.34414642
9:29:56,130.247,14458.799,72.0828,362.64,123.2191959,39.34364909
9:30:02,129.877,14512.813,71.316,313.523,123.2199205,39.34313307
9:30:08,127.297,14577.243,71.2872,357.991,123.2208528,39.34238067
9:30:14,135.971,14633.356,71.2872,352.164,123.2217326,39.34149829
9:30:20,132.805,14697.13,59.8536,382.659,123.2226407,39.34096024
9:30:26,134.809,14748.558,58.0824,379.953,123.2234235,39.34035895
9:30:32,131.486,14808.833,74.9772,376.686,123.2243649,39.3396011
9:30:44,136.01,14935.389,58.734,383.807,123.2262709,39.33838355
9:30:50,132.593,14970.94,58.8888,368.065,123.2269422,39.33765842
9:30:56,133.924,15035.423,59.4072,364.549,123.2280819,39.33666297
9:31:02,134.604,15081.332,59.3784,501.419,123.2288873,39.33615876
9:31:08,135.986,15128.476,65.4084,359.58,123.2297623,39.33535472
9:31:14,135.595,15181.395,55.6092,363.306,123.2306414,39.33477162
9:31:26,136.121,15270.619,59.3784,352.036,123.232306,39.33349122
9:31:32,135.13,15309.437,60.1308,349.964,123.2331627,39.33271214
9:31:38,135.251,15355.924,67.374,347.471,123.234137,39.33193869
9:31:44,136.372,15397.749,66.6684,381.467,123.2350325,39.33127307
9:31:50,135.889,15433.758,67.0932,393.285,123.2358783,39.33060166
9:31:56,136.287,15470.428,71.856,350.014,123.2367924,39.32981982
9:32:02,135.351,15520.434,68.616,351.729,123.2376164,39.32950765
9:32:08,133.04,15551.584,70.4556,337.064,123.2384846,39.32874762
9:32:14,132.498,15573.696,67.266,392.293,123.2394137,39.32779838
9:32:20,135.103,15613.479,73.53,387.525,123.2403333,39.32723536
9:32:26,133.7,15642.735,75.7656,332.187,123.2411792,39.3265633
9:32:32,133.626,15668.627,76.6584,374.043,123.2421411,39.32574082
9:32:38,136.048,15692.726,77.7096,329.51,123.242945,39.32510059
9:32:44,136.004,15719.976,60.876,357.222,123.2438079,39.32448974
9:32:56,133.546,15766.117,60.1344,371.717,123.2455938,39.323146
9:33:02,134.375,15782.397,64.8216,366.554,123.2465066,39.32238403
9:33:08,136.66,15791.372,64.3032,362.156,123.247174,39.32179944
9:33:14,135.134,15812.512,63.4428,365.364,123.2479798,39.32127415
9:33:20,135.318,15838.551,62.172,199.511,123.2495361,39.32002423
9:33:26,135.307,15843.668,60.0372,379.269,123.2501123,39.3195788
9:33:32,136.015,15855.597,56.8368,348.704,123.2508097,39.31910883
9:33:38,132.013,15864.368,50.436,358.139,123.2518813,39.31827579
9:33:43,131.833,15865.878,56.8368,365.332,123.2527129,39.31758488
9:33:49,132.689,15870.537,66.438,320.015,123.2536356,39.3168584
9:33:55,132.937,15874.957,64.2924,358.134,123.2545564,39.31617933
9:34:01,131.714,15880.026,60.462,424.904,123.2554369,39.3155931
9:34:07,134.43,15885.957,61.164,375.791,123.2561803,39.31495582
9:34:13,134.575,15888.763,59.5836,368.132,123.2571091,39.31423694
9:34:19,134.605,15892.963,59.652,364.942,123.2579255,39.31360461
9:34:25,134.469,15902.817,59.9904,343.136,123.2588947,39.31281636
9:34:31,135.282,15918.175,61.9452,350.476,123.260616,39.31152791
9:34:43,135.52,15933.814,65.268,322.381,123.2614949,39.31079908
9:34:49,135.488,15947.824,69.9084,365.103,123.2621918,39.31024262
9:34:55,136.524,15964.736,66.816,345.027,123.2631669,39.30949936
9:35:01,136.662,15981.71,76.0932,352.538,123.264149,39.30877854
9:35:07,135.254,15995.709,66.816,383.91,123.2648945,39.30824604
9:35:13,135.571,16024.332,71.5896,346.779,123.2657322,39.30750424
9:35:19,134.71,16041.471,72.3996,335.091,123.267198,39.30660068
9:35:25,134.131,16072.121,68.6772,355.8,123.2675677,39.30610701
9:35:31,134.486,16120.552,71.5572,364.565,123.2684533,39.30520474
9:35:37,140.557,16171.176,81.1584,365.495,123.2694832,39.30423955
9:35:43,140.843,16217.835,87.8796,337.524,123.2701006,39.30349813
9:35:49,145.089,16263.696,91.7172,353.416,123.2704493,39.30289104
9:35:55,147.808,16313.892,84.4452,378.61,123.2714199,39.30201343
9:36:01,150.1,16371.457,48.942,354.489,123.2719146,39.30124794
9:36:07,145.918,16418.038,50.0292,348.2,123.272536,39.30055312
9:36:13,149.766,16476.185,49.4496,235.459,123.2733886,39.299645
9:36:19,147.368,16535.864,49.4496,387.049,123.2738342,39.29892779
9:36:25,147.041,16594.604,84.8088,358.019,123.2747291,39.29806878
9:36:31,146.85,16645.178,50.634,360.328,123.2753623,39.29738335
9:36:37,146.35,16715.764,83.0736,351.959,123.2761882,39.296451
9:36:43,144.562,16771.62,83.5812,367.066,123.2769932,39.29568421
9:36:49,145.434,16845.93,50.0832,390.632,123.2776023,39.29481176
9:36:55,144.636,16906.952,59.9004,370.89,123.2783471,39.29402948
9:37:01,145.176,16959.633,61.848,377.157,123.2791256,39.29332962
9:37:07,143.958,17022.043,63.5076,380.493,123.2798686,39.29255713
9:37:13,143.133,17080.978,62.2188,383.632,123.2807095,39.29180503
9:37:19,141.734,17129.018,63.7812,340.261,123.2815167,39.2911613
9:37:25,139.638,17195.66,63.8208,349.663,123.2825057,39.2903226
9:37:31,136.916,17249.524,63.144,306.88,123.2834594,39.28961601
9:37:37,138.538,17313.544,62.8056,313.181,123.2840419,39.2889046
9:37:43,136.796,17363.27,61.7868,398.718,123.2849072,39.2883041
9:37:49,137.506,17432.588,60.1308,359.452,123.2859867,39.28748018
9:37:55,136.013,17490.37,61.3476,323.091,123.2866384,39.28683335
9:38:01,138.027,17558.505,61.938,359.359,123.2874318,39.28608716
9:38:07,136.266,17600.625,60.7608,275.96,123.2883923,39.28554347
9:38:13,131.462,17629.564,75.51,351.399,123.2897405,39.28563269
9:38:19,117.406,17684.028,76.6872,406.994,123.2908624,39.28600972
9:38:25,103.911,17729.66,71.3376,349.224,123.29207,39.28628386
9:38:31,86.569,17776.716,59.4936,364.678,123.2929472,39.28661979
9:38:37,76.464,17813.108,60.7284,268.305,123.2946286,39.2867665
9:38:43,68.878,17861.84,59.5152,355.759,123.2956395,39.28713064
9:38:49,71.554,17900.444,59.5152,316.208,123.2967231,39.28739576
9:38:55,71.126,17932.524,59.1084,352.763,123.2980256,39.28760959
9:39:01,75.46,17965.513,57.0816,382.398,123.2994414,39.2878468
9:39:07,72.314,18013.409,63.6948,389.35,123.2998653,39.28827033
9:39:13,66.105,18119.93,65.106,373.911,123.3007634,39.28919796
9:39:19,51.335,18234.888,67.8456,377.532,123.3010561,39.29022566
9:39:25,40.556,18353.589,74.6964,371.155,123.3008923,39.29129979
9:39:31,20.085,18476.649,73.3284,364.596,123.3010254,39.29240236
9:39:37,7.388,18589.872,70.5852,358.557,123.3011976,39.29341479
9:39:43,2.201,18709.627,72.0252,352.126,123.3012068,39.29449168
9:39:49,1.462,18819.947,66.3264,376.395,123.3012965,39.29548989
9:39:55,359.341,18937.962,73.0296,352.997,123.3013896,39.29654912
9:40:01,4.148,19058.913,73.0944,462.428,123.3015164,39.29767098
9:40:07,4.795,19172.834,67.4352,372.239,123.3015766,39.29868772
9:40:13,2.767,19292.508,72.3204,369.645,123.3015805,39.29975926
9:40:19,1.618,19410.642,68.6808,369.465,123.3013978,39.30082638
9:40:25,359.473,19525.949,71.7228,364.983,123.3011349,39.30187305
9:40:31,355.885,19643.917,72.2088,360.484,123.3010753,39.30293771
9:40:37,354.807,19762.256,71.838,353.586,123.301028,39.30400533
9:40:43,353.922,19875.792,71.1288,362.783,123.3007655,39.30504468
9:40:49,352.916,19990.715,71.0964,377.593,123.3005887,39.30609942
9:40:55,352.636,20104.799,71.1648,389.59,123.3004342,39.30714858
9:41:01,354.47,20225.122,70.7976,385.987,123.3003566,39.30824538
9:41:07,353.463,20343.136,70.7112,352.729,123.3001145,39.30931481
9:41:13,352.464,20459.679,70.668,368.858,123.2999076,39.31038173
9:41:19,352.159,20572.532,70.416,366.605,123.2997457,39.31141388
9:41:25,353.787,20689.922,71.136,328.229,123.2996538,39.31246807
9:41:31,353.709,20806.97,72.756,370.168,123.2996653,39.31353785
9:41:37,354.013,20922,71.3664,368.606,123.2992898,39.31461622
9:41:43,353.139,21037.395,71.064,364.873,123.2990325,39.3156877
9:41:49,352.526,21156.476,71.064,368.686,123.2989379,39.31678154
9:41:55,352.966,21275.204,71.568,380.271,123.2986988,39.31789172
9:42:01,353.141,21391.608,71.9532,371.498,123.2988633,39.31893561
9:42:07,355.578,21506.355,72.7812,373.783,123.2991478,39.31995428
9:42:13,1.717,21622.859,72.2448,371.532,123.2992931,39.32100094
9:42:19,5.654,21742.047,72.5472,373.14,123.2994536,39.3220725
9:42:25,7.065,21857.679,70.2072,368.23,123.299695,39.32310161
9:42:31,9.21,21971.122,69.5268,295.551,123.2998448,39.32407716
9:42:37,9.884,22090.106,69.6096,386.415,123.3000848,39.32517241
9:42:43,1.002,22274.079,69.6708,393.903,123.2980655,39.32712241
9:42:49,351.232,22452.228,70.4016,531.43,123.2937963,39.32980186
9:42:43,115.826,22579.834,70.4016,371.87,123.3004446,39.32729731
9:42:49,0.926,22692.12,70.4016,358.209,123.3004662,39.32830596
9:42:55,2.979,22812.99,73.1844,375.988,123.3007947,39.32939597
9:43:01,2.107,22928.027,78.7572,376.164,123.3009216,39.33044804
9:43:07,2.262,23043.091,82.2492,374.153,123.3009925,39.33149603
9:43:13,8.241,23163.794,82.2492,385.463,123.3012823,39.33258606
9:43:19,0.59,23279.74,82.2492,372.03,123.301296,39.33362849
9:43:25,19.614,23397.847,76.7664,368.996,123.3016961,39.33466911
9:43:31,6.052,23512.039,73.44,383.146,123.3018383,39.33572255
9:43:37,6.744,23627.225,73.152,380.419,123.3018018,39.3367941
9:43:43,337.78,23727.43,73.152,372.802,123.3012932,39.33776167
9:43:49,316.035,23861.79,73.152,372.802,123.2994358,39.33931704
9:44:07,330.986,23961.744,73.152,383.387,123.2986045,39.34049137
9:44:13,320.24,24029.786,73.152,379.344,123.2975566,39.34146044
9:44:19,319.099,24155.618,73.152,464.29,123.295928,39.34291932
9:44:25,331.951,24178.734,73.152,391.275,123.2950778,39.34415751
9:44:31,311.894,24184.163,73.152,391.275,123.294033,39.34486755
9:44:37,332.241,24217.861,73.152,391.275,123.2935241,39.3456666
9:44:55,311.829,24276.249,73.152,561.148,123.2931641,39.34591586
9:44:55,343.038,24579.045,73.152,372.9,123.2940094,39.34781107
9:44:55,343.038,24579.537,73.152,368.6,123.2940049,39.34780834
9:45:01,75.292,24632.524,73.152,381.5,123.2946552,39.34794148
9:45:01,75.292,24632.524,73.152,354,123.2946552,39.34794148
9:45:07,32.52,24765.247,73.152,427.1,123.2955336,39.34901035
9:45:14,10.618,24837.555,72.2592,393.5,123.2956503,39.35003975
9:45:38,354.666,24922.754,72.2592,426.6,123.2953122,39.35285353
9:45:44,0,25102.968,72.2592,402.9,123.2940223,39.35458161
9:45:50,0,25105.238,72.2592,369.4,123.2940517,39.35459272
9:45:56,0,25126.508,72.2592,393.5,123.2937805,39.35448567
9:45:56,322.837,25191.145,72.2592,365.7,123.2936095,39.35459625
9:46:02,101.889,25267.121,72.2592,413.2,123.2944838,39.35445358
9:46:08,11.485,25340.285,72.4392,415.8,123.2953368,39.35381925
9:46:14,93.009,25423.222,72.4392,435.5,123.296306,39.35377982
9:46:20,119.636,25485.428,72.4392,357.5,123.2970716,39.3534419
9:46:14,136.736,25543.731,72.4392,385.7,123.2979534,39.35271525
9:46:14,176.82,25559.13,72.4392,384.4,123.2979892,39.3522019
9:46:14,169.216,25566.516,72.4392,365,123.2980601,39.35190173
9:46:14,170.727,25591.668,72.4392,415.3,123.2982083,39.35120371
9:46:14,179.789,25645.107,72.4392,371.4,123.2982124,39.35035772
9:46:14,179.789,25645.125,72.4392,356.7,123.2982123,39.35035762
9:46:20,0,25848.874,72.4392,363.7,123.2977421,39.34923293
9:46:26,0,25870.161,72.4392,381.7,123.297519,39.34910583
9:46:32,0,25871.307,72.4392,353.9,123.2975073,39.34909882
9:46:38,0,25872.44,72.4392,436.6,123.2974957,39.34909182
9:46:45,0,25873.662,72.4392,421.6,123.2974833,39.34908434
9:46:51,0,25874.872,72.4392,414.5,123.2974711,39.34907683
9:46:57,0,25909.554,72.4392,356.5,123.2971183,39.34886532
9:46:57,220.479,26063.349,72.4392,400.7,123.294553,39.34787823
9:46:57,278.471,26167.075,72.4392,444.6,123.2928662,39.34807258
